survey_number;id_final;time;Q1;Q2;Q3;Q17;Q18;Q67;Q68;Q69;Q70;Q71;Q72;Q73;Q74;Q75;Q76;Q77;Q78;Q79;Q80
Lot;id_final;Horodateur;Selon vous, la biodiversité (définie par le nombre d’espèces) :;Pensez-vous que la biodiversité ait besoin d’être protégée ?;Pour quelles raisons pensez-vous cela ?;Pensez-vous que les insectes aient besoin d’être protégés ?;Pour quelles raisons pensez-vous cela ?;Quel est-votre âge ?;Quel est votre sexe ?;Avez vous grandi dans une commune plutôt rurale ou plutôt urbaine ?;Dans quel pays êtes vous né(e) ?;Dans quel pays habitez-vous actuellement ?;Par rapport aux différentes propositions ci-dessous, où pourriez-vous vous situer vis-à-vis de la nature ? ;Quel est le dernier diplôme que vous avez obtenu ?;Actuellement, vous êtes :;Politiquement, vous vous considérez plutôt : ;Vos études ou votre activité professionnelle (actuelle ou passée) sont-elles en lien avec la gestion et la protection de la biodiversité ?;"Avez-vous une activité naturaliste (amateur ou professionnel) ?
Pour plus d'information sur la définition d'un naturaliste visiter ce site https://fr.wikipedia.org/wiki/Naturaliste ";Suivez-vous sur les réseaux sociaux des pages dédiées à la biodiversité ou à sa protection ?;Suivez-vous sur les réseaux sociaux des pages dédiées à l'entomofaune ou à sa protection ?;Si vous êtes adhérent(e) à une association naturaliste ou de protection de la nature, pouvez-vous nous dire laquelle ? (autrement, laisser vide)
1;1;03/08/22 12:34 PM;Diminue beaucoup;Oui, tout à fait d'accord;Les espèces étant en déclin, il est nécessaire de cadrer réglementairement la protection des espèces et de leurs habitats pour limiter cette érosion. ;Ne sais pas;"Les insectes sont à l'origine du bon fonctionnement des sols, de la pollinisation indispensable à l'alimentation et à la reproduction de nombreuses espèces végétales. 
Cependant protéger les insectes dans leur globalité conduira à une séquence ERC encore plus forte et pointue, la compensation étant extrêmement complexe. J'aurais plutôt tendance à vouloir travailler sur les causes d'érosion des insectes (agriculture intensive, manque de diversité végétales, conversion des terres et artificialisation) plutôt qu'à la protection spécifique de nouvelles espèces (sauf certaines espèces en danger critique et peu communes)";32;Féminin;3;France;France;6;Master (bac+5);En activité;Complètement à gauche;Oui, directement;Non;Oui;Non;
1;2;03/08/22 05:23 PM;Diminue beaucoup;Oui, tout à fait d'accord;Sans biodiversité, pas de service écosystémique, sans service écosystémique, pas de vie.;Oui, tout à fait d'accord;Espèces clef de voutes, pollinisateurs etc .. La végétation à coévoluée avec les insectes.;30;Masculin;5;France;France;6;Master (bac+5);En activité;Plutôt de gauche;Oui, directement;Génie écologique pas spécialisé sur le génie végétal avec tout de même des notions sur la faune et la flore.;Oui;Oui;
1;3;03/08/22 06:51 PM;Diminue beaucoup;Oui, tout à fait d'accord;C’est notre avenir qui est en jeu;Oui, tout à fait d'accord;Ce sont eux qui fécondent les végétaux, à la base de la chaîne alimentaire comme les végétaux, ..;59;Masculin;5;France;France;6;Master (bac+5);En activité;Centre;Non;Non;Oui;Ne se prononce pas;
1;4;03/08/22 10:15 PM;Diminue beaucoup;Oui, tout à fait d'accord;Car à l'avenir si nous ne réagissons pas, des espèces disparaîtront alors qu'elles contribue depuis l'existence de la terre à l'équilibre de la vie.;Oui, tout à fait d'accord;Malgré mon aversion, pour certains d'entre eux, oui nous devons réagir car sans cela, la chaîne alimentaire et le lien être la faune et la flore se verraient perturbé.;30;Masculin;3;En France;En France;4;Master (bac+5);En activité;Plutôt de droite;Non;Non;Non;Non;
1;5;04/08/22 11:22 AM;Diminue beaucoup;Oui, tout à fait d'accord;déclin de la biodiversité, disparition de nombreuses espèces, changement climatique, prolifération des espèces exotiques envahissantes, etc;Oui, tout à fait d'accord;car ils offrent des services écosystémiques indispensables à notre survie;53;Féminin;1;France;France;7;Master (bac+5);En activité;Plutôt de gauche;Oui, directement;Oui, mais pas entomologiste;Oui;Oui;SESNR
1;6;04/08/22 11:41 AM;Diminue beaucoup;Oui, tout à fait d'accord;car sans la protection, les atteintes ne feront qu'augmenter;Oui, tout à fait d'accord;les insectes sont un des chainons de l'équilibre sur terre. Ils participent notamment à la pollinisation, dont dépend une grande majrité de notre alimentation ;48;Féminin;4;france;france;5;Master (bac+5);En activité;Plutôt de gauche;Oui, directement;Non;Non;Non;
1;7;04/08/22 11:47 AM;Diminue beaucoup;Oui, tout à fait d'accord;pour garder la diversité;Oui, tout à fait d'accord;services rendus à l'humanité;56;Féminin;4;France;France;5;Master (bac+5);En activité;Plutôt de gauche;Oui, indirectement;Non;Non;Non;
1;8;04/08/22 11:48 AM;Diminue beaucoup;Oui, tout à fait d'accord;préserver l'équilibre des écosystèmes est primordial, cela passe par la biodiversité;Oui, d'accord;tout est question d'équilibre, ils font partie de la chaine alimentaire, et il faut veiller à ce qu'il y en ait assez pour ne pas intaller de dérèglement ailleurs, mais certaines espèces d'insectes comme les criquets par exemple, en trop grande quantités peuvent être dévastatrices et jouer un rôle négatif également. Il faut donc que tout ceci soit régulé;27;Féminin;1;France;France;6;Master (bac+5);En activité;Centre;Oui, indirectement;Oui, mais pas entomologiste;Oui;Non;
1;9;04/08/22 11:58 AM;Diminue beaucoup;Oui, tout à fait d'accord;Ils ne peuvent pas se défendre contre les changements sur une échelle courte de leur niche écologique induits par l'action de l'homme.;Oui, tout à fait d'accord;1er maillon chaîne alimentaire et donc indispensables + action sur la végétalisation;32;Féminin;5;FRANCE;FRANCE;3;Master (bac+5);En activité;Plutôt de gauche;Oui, indirectement;Non;Oui;Non;
1;10;04/08/22 12:01 PM;Diminue beaucoup;Oui, tout à fait d'accord;La biodiversité est le maillon essentiel de la survie des espèces;Oui, tout à fait d'accord;fait partie de la biodiversité et nécessaire à la survie de certaines espèces;51;Masculin;1;France;France;6;Licence (bac+3);En activité;Centre;Oui, indirectement;Non;Non;Non;
1;11;04/08/22 12:11 PM;Diminue beaucoup;Oui, tout à fait d'accord;Pour notre équilibre sanitaire mondial, pour les générations futures, pour la beauté et la vie qu'offre la biodiversité;Oui, tout à fait d'accord;Ils participent à la chaine alimentaire, au fonctionnement des écosystèmes, a la reproduction des espèces (insectes pollinisateurs), fonction de régulateurs (insectes nécrophages);36;Féminin;5;France;France;7;Master (bac+5);En activité;Plutôt de gauche;Oui, indirectement;J'ai même les museums d'histoire naturelle et participer à des balades animées par des naturalistes;Oui;Non;
1;12;04/08/22 12:12 PM;Diminue beaucoup;Oui, tout à fait d'accord;C'est une richesse, elle est indispensable à notre survie, et de + elle assure des fonctions ecosystemiques non remplaçables ;Oui, tout à fait d'accord;Ils assurent de nombreux services écosystèmiques invisibles ou visibles, ils sont un maillon de la chaîne alimentaire (oiseaux...);53;Féminin;2;France ;France ;6;Master (bac+5);En activité;Complètement à gauche;Oui, indirectement;Oui, mais pas entomologiste;Oui;Non;la LPO
1;13;04/08/22 12:24 PM;Diminue beaucoup;Oui, tout à fait d'accord;;Oui, tout à fait d'accord;;40;Féminin;1;France;France;6;Master (bac+5);En activité;Ne se prononce pas;Oui, indirectement;Non;Non;Non;
1;14;04/08/22 12:24 PM;Diminue beaucoup;Oui, tout à fait d'accord;On voit bien la différence depuis plusieurs années et de plus en plus rapidement les 10 dernières;Oui, tout à fait d'accord;ils sont indispensables à la biodiversité chaque espèce joue un rôle ;43;Masculin;2;France;France;7;Licence (bac+3);En activité;Complètement à gauche;Oui, indirectement;Oui, mais pas entomologiste;Oui;Non;
1;15;04/08/22 12:59 PM;Diminue beaucoup;Oui, tout à fait d'accord;Pour la beauté et la magie de cette diversité,... et plus prosaïquement, car il en va de la survie (j'aurais aimé écrire la stabilité, mais pour ça il est probablement trop tard)  des espèces restantes... dont la notre;Oui, tout à fait d'accord;Ils sont indispensables à l'équilibre des écosystème : chaine alimentaire, pollinisation...;47;Féminin;2;France;France;5;Master (bac+5);En activité;Plutôt de gauche;Non;juste une observatrice émerveillée... ;Oui;Non;
1;16;04/08/22 01:07 PM;Diminue beaucoup;Oui, tout à fait d'accord;pour assurer la survie de toutes les espèces;Oui, tout à fait d'accord;ils sont une source alimentaire pour certaines espèces;25;Féminin;5;France;France;5;Master (bac+5);En activité;Ne se prononce pas;Oui, indirectement;Non;Oui;Oui;
1;17;04/08/22 01:18 PM;Diminue beaucoup;Oui, tout à fait d'accord;Elle est l'essence de la vie. Des écosystèmes fragilisés, c'est notre futur qui devient incertain ;Oui, tout à fait d'accord;Mesurant difficilement les enjeux liés aux interrelations entre les insectes et les écosystèmes dont nous dépendons, nous avons donc un devoir de précotions ;55;Masculin;2;Français;France;4;Master (bac+5);En activité;Ne se prononce pas;Oui, indirectement;Non;Non;Non;
1;18;04/08/22 01:29 PM;Diminue beaucoup;Oui, tout à fait d'accord;ecoute et lecture;Oui, d'accord;;49;Féminin;2;france;france;4;Bac;En activité;Centre;Non;Non;Non;Non;
1;19;04/08/22 01:33 PM;Diminue beaucoup;Oui, tout à fait d'accord;au regard des dégâts de la pollution et du dérèglement climatique qui existent déjà;Oui, tout à fait d'accord;pour préserver la biodiversité;55;Féminin;2;FRANCE;FRANCE;6;Bac;En activité;Plutôt de gauche;Non;Non;Non;Non;
1;20;04/08/22 01:38 PM;Diminue beaucoup;Oui, tout à fait d'accord;A cause du réchauffement climatique, des destructions des forêts amazonienne. ;Oui, tout à fait d'accord;Parce qu'ils permettent de polliniser les cultures mais aussi de faire en sorte que le sol reste fertile en dégradant les déchets organiques qui s'y trouve.;28;Féminin;5;France;France;3;Master (bac+5);En activité;Plutôt de gauche;Non;Non;Oui;Non;
1;21;04/08/22 01:45 PM;Diminue beaucoup;Oui, d'accord;Chaque espèce a son rôle.;Oui, d'accord;maillon essentiel d’écosystème ;49;Masculin;3;france;france;5;Licence (bac+3);En activité;Centre;Non;Non;Non;Non;
1;22;04/08/22 01:45 PM;Diminue beaucoup;Oui, tout à fait d'accord;la vie humaine dépend de la biodiversité;Oui, tout à fait d'accord;ce sont des éléments essentiels à la survie de chaque espèce;45;Masculin;1;france;france;6;Bac;En activité;Centre;Non;Non;Oui;Non;non
1;23;04/08/22 01:46 PM;Diminue un peu;Oui, d'accord;Autorégulation ;Oui, d'accord;Pas d'insectes pas de pollinisation ;45;Masculin;2;France;France;5;Bac;En activité;Ne se prononce pas;Non;Non;Non;Non;
1;24;04/08/22 01:49 PM;Diminue beaucoup;Oui, tout à fait d'accord;Pour maintenir l'équilibre naturel au sens large, nécessaire à la vie sur terre.;Oui, tout à fait d'accord;Pour préserver l'équilibre naturel;49;Masculin;3;France;France;7;Licence (bac+3);En activité;Ne se prononce pas;Oui, indirectement;Non;Non;Non;
1;25;04/08/22 01:53 PM;Diminue beaucoup;Oui, tout à fait d'accord;disparition d'espèces;Oui, tout à fait d'accord;ils sont au centre de la diversité;41;Féminin;1;france;france;6;Bac;En activité;Ne se prononce pas;Non;Non;Non;Non;
1;26;04/08/22 01:53 PM;Diminue beaucoup;Oui, tout à fait d'accord;c'est l'équilibre de la nature.;Oui, tout à fait d'accord;biodiversité ;58;Masculin;3;france;france;5;Brevet;En activité;Plutôt de gauche;Non;Non;Non;Non;
1;27;04/08/22 01:56 PM;Diminue beaucoup;Oui, tout à fait d'accord;Parce que, chaque mois, des espèces disparaissent définitivement de la planète Terre et c'est dramatique;Oui, d'accord;;37;Féminin;2;France;France;6;Bac;En activité;Centre;Oui, indirectement;Oui, mais pas entomologiste;Non;Non;actuellement non
1;28;04/08/22 02:07 PM;Diminue beaucoup;Oui, tout à fait d'accord;pression sur les espèces via la disparition et la pollution des milieux, la chasse;Oui, tout à fait d'accord;Car ils sont à la base de la chaine alimentaire et pollinisent les fleurs;42;Féminin;4;France;France;6;Master (bac+5);En activité;Ne se prononce pas;Oui, directement;Oui, mais pas entomologiste;Oui;Non;
1;29;04/08/22 02:07 PM;Diminue beaucoup;Oui, tout à fait d'accord;La biodiversité participe à l'équilibre de notre planète;Oui, tout à fait d'accord;ils participent au bon fonctionnement de notre planète;58;Féminin;2;France;France;6;Bac;Auto entrepreneur;Ne se prononce pas;Non;je pratique la randonnée;Oui;Non;
1;30;04/08/22 02:26 PM;Diminue beaucoup;Oui, tout à fait d'accord;Afin d'assurer la pérennité des écosystèmes;Oui, tout à fait d'accord;Pour leur participation à la chaîne alimentaire notamment;48;Masculin;2;France;France;5;Master (bac+5);En activité;Complètement à gauche;Non;Non;Non;Non;
1;31;04/08/22 02:43 PM;Diminue beaucoup;Oui, tout à fait d'accord;On est les fautifs, à nous de réparer.;Oui, tout à fait d'accord;de leur proportion dépend toute la chaine alimentaire;33;Féminin;4;france;france;5;Master (bac+5);En activité;Ne se prononce pas;Non;Non;Oui;Non;
1;32;04/08/22 03:14 PM;Diminue beaucoup;Oui, tout à fait d'accord;L'impacte négatif de l'home sur la planète;Oui, d'accord;Base alimentaire pour nombres d'animaux, utile pour pollinisation, utile pour dégradation végétale et animale;45;Masculin;3;France;France;5;Licence (bac+3);En activité;Ne se prononce pas;Non;Non;Non;Non;
1;33;04/08/22 03:20 PM;Diminue un peu;Oui, tout à fait d'accord;l'être humain a déjà trop fait de dégâts sur la planète;Oui, tout à fait d'accord;c'est un écosystème, un ensemble entre les animaux et la nature qui doit être protégé;48;Masculin;5;France;France;6;Brevet;En activité;Ne se prononce pas;Non;Non;Non;Non;
1;34;04/08/22 03:28 PM;Diminue beaucoup;Oui, d'accord;;Ne sais pas;;38;Féminin;1;france;france;6;Master (bac+5);En activité;Plutôt de gauche;Oui, directement;Non;Non;Non;
1;35;04/08/22 03:32 PM;Diminue beaucoup;Oui, tout à fait d'accord;diminution de la biodiversité = risque pour la planète et les espèces qui y vivent;Oui, tout à fait d'accord;la disparition des abeilles par exemple qui serait une catastrophe;47;Féminin;1;France;France;7;Bac;En activité;Complètement à gauche;Non;Non;Oui;Oui;
1;36;04/08/22 03:33 PM;Diminue beaucoup;Oui, tout à fait d'accord;il n'y a rien de plus triste que de savoir qu'une espèce c'est éteinte par notre faute;Oui, d'accord;certains insectes sont primordiales afin de faire respecter la chaine alimentaires (même les moustiques ....);23;Masculin;3;France;France;4;Bac;Etudiant;Centre;Oui, indirectement;Non;Non;Non;
1;37;04/08/22 03:35 PM;Diminue beaucoup;Oui, tout à fait d'accord;Avenir de nos enfants;Oui, tout à fait d'accord;équilibre de la nature;40;Masculin;2;france;france;6;Bac;En activité;Ne se prononce pas;Oui, indirectement;Non;Ne se prononce pas;Ne se prononce pas;
1;38;04/08/22 03:35 PM;Diminue beaucoup;Oui, tout à fait d'accord;Pour l'équilibre de la planète;Oui, tout à fait d'accord;La polonisation et l'équilibre de la planète (chaine alimentaire);42;Masculin;1;France;France;4;Master (bac+5);En activité;Complètement à gauche;Non;Non;Oui;Non;
1;39;04/08/22 03:47 PM;Diminue beaucoup;Oui, tout à fait d'accord;"Chaque espèce a un rôle dans l'équilibre global. La disparition d'une d'entre elles peut compromettre irrémédiablement cet équilibre, ne pouvant être remplacée au ""pied levé"" par une autre.";Oui, tout à fait d'accord;"Malgré leur aspect déplaisant et leur côté ""piquant"", les insectes jouent un rôle ""microscopique"" dans le maintien de la vie sur Terre. Sans eux, point de pollinisation par exemple. Donc plus de fleurs, ni de fruits.";50;Masculin;3;France;France;4;Bac;En activité;Plutôt de gauche;Non;Non;Non;Non;
1;40;04/08/22 03:49 PM;Diminue beaucoup;Oui, tout à fait d'accord;conservation éco système et planète;Oui, tout à fait d'accord;Participation active cycle vie et chaine ecologie;35;Masculin;5;France;France;5;Master (bac+5);En activité;Complètement à gauche;Non;Non;Non;Non;
1;41;04/08/22 03:56 PM;Diminue beaucoup;Oui, tout à fait d'accord;La planète meurt!!!;Oui, tout à fait d'accord;sans eux, toute la chaîne alimentaire stopperait. Les plantes ne germerait plus....;37;Masculin;2;France;France;5;Licence (bac+3);En activité;Ne se prononce pas;Non;Oui, mais pas entomologiste;Non;Non;
1;42;04/08/22 04:02 PM;Diminue beaucoup;Oui, tout à fait d'accord;Modifications importantes des écosystèmes lié au modifications climatiques;Oui, tout à fait d'accord;Parmi les plus sensible aux changements, souvent à la base de la chaîne alimentaire et rôle prépondérant dans la pollinisation.;52;Masculin;2;France;France;7;Bac;En activité;Plutôt de gauche;Non;Non;Non;Non;
1;43;04/08/22 04:06 PM;Diminue un peu;Oui, d'accord;Pour protéger la faune et la flore et notamment les espèces rares;Oui, d'accord;Car ils participent à l'écosystème;50;Masculin;5;France;France;4;Licence (bac+3);En activité;Centre;Non;Non;Non;Non;
1;44;04/08/22 04:11 PM;Diminue un peu;Oui, d'accord;leur extinction est en corrélation avec nos agissements mais nous n'en sommes pas toujours conscients ! ;Oui, d'accord;ils sont utiles à la reproduction de certaines plantes, nourrissent animaux et hommes, participent au nettoyage de matières en décomposition;54;Féminin;5;France;France;6;Bac;En activité;Centre;Non;Non;Non;Non;
1;45;04/08/22 04:21 PM;Diminue beaucoup;Oui, tout à fait d'accord;Elle contribue a l’équilibre de la biodiversité. Sans les insectes, c’est toute une chaîne qui est perturbée ;Oui, tout à fait d'accord;Les abeilles doivent être protégées ;40;Féminin;1;France;France;6;Licence (bac+3);En activité;Complètement à gauche;Oui, directement;Oui, mais pas entomologiste;Oui;Non;Gmhl
1;46;04/08/22 05:18 PM;Diminue beaucoup;Oui, tout à fait d'accord;En raison du dérèglement climatique dû à l'Homme, et ses conséquences sur la Biodiversité;Oui, tout à fait d'accord;Préserver les écosystèmes, et la chaîne alimentaire pour la survie des espèces prédatrices d'insectes;52;Féminin;2;France;France;6;Licence (bac+3);En activité;Plutôt de gauche;Non;Non;Oui;Non;
1;47;04/08/22 06:03 PM;Diminue beaucoup;Oui, tout à fait d'accord;Équilibre des écosystèmes ;Oui, tout à fait d'accord;Équilibre des écosystèmes (notamment dans le domaine agricole-limite l'utilisation des pesticides...);56;Masculin;2;France;France;7;Licence (bac+3);En activité;Ne se prononce pas;Non;Non;Non;Non;
1;48;04/08/22 06:03 PM;Diminue beaucoup;Oui, d'accord;assurer un équilibre entre les espèces;Oui, d'accord;ils font partie d'une chaine alimentaire  et sont polinisateurs ;55;Masculin;3;France;France;5;Brevet;En activité;Plutôt de gauche;Oui, directement;Non;Non;Non;
1;49;04/08/22 06:21 PM;Diminue beaucoup;Oui, tout à fait d'accord;;Oui, tout à fait d'accord;parce qu'ils participent à la pollinisation, qu'ils sont le premier maillon de la chaine alimentaire, qu'ils sont un indicateur de la biodiversité d'une manière générale;50;Féminin;1;France;France;6;;En activité;Plutôt de gauche;Oui, indirectement;Non;Oui;Non;
1;50;04/08/22 07:14 PM;Diminue beaucoup;Oui, tout à fait d'accord;La biodiversité représente un équilibre, moins il y a de biodiversité et plus nous tendons vers un schéma de fonctionnement unique (climat, espèces, etc ...). Ce type de fonctionnement unique serait un gros frein à l'évolution de tous puisqu'il n'y aurait plus qu'un seul mode de pensée.;Oui, tout à fait d'accord;Les insectes sont un éléments clé du développement des autres espèces (notamment pour la pollinisation et leur rôle dans la chaîne alimentaire).;31;Masculin;2;France;France;5;Master (bac+5);En activité;Complètement à droite;Non;Non;Non;Non;
1;51;04/08/22 11:07 PM;Diminue beaucoup;Oui, tout à fait d'accord;Toutes les espèces possèdent un lien entre elles. Si une espèce disparait d'autres s'en trouvent affectées.;Oui, tout à fait d'accord;Les insectes pollinisent et sont à la base de la chaine alimentaire;41;Féminin;5;France;France;5;Master (bac+5);En activité;Complètement à gauche;Oui, directement;Non;Non;Non;IFAW
1;52;05/08/22 08:23 AM;Diminue beaucoup;Oui, tout à fait d'accord;Pour les raisons de sa disparition ;Oui, tout à fait d'accord;ils sont sensibles aux impacts de l'environnement ;23;Féminin;3;Russie;France;4;Licence (bac+3);Etudiant;Ne se prononce pas;Non;Non;Non;Non;
1;53;05/08/22 08:45 AM;Diminue un peu;Oui, d'accord;préserver l'avenir;Ne sais pas;;58;Masculin;3;France;France;4;Licence (bac+3);En activité;Centre;Non;Non;Non;Non;
1;54;05/08/22 09:00 AM;Diminue beaucoup;Oui, tout à fait d'accord;;Oui, d'accord;;35;Masculin;1;France;France;4;Bac;En activité;Complètement à droite;Non;Non;Non;Non;
1;55;05/08/22 09:20 AM;Diminue beaucoup;Oui, d'accord;"car la position entre les différentes espèces et les humains n'est plus à l'équilibre, par ailleurs les inégalités entre les populations exacerbent la course aux ressources quelles que soient les méthodes auxquelles s'ajoutent également les limites technologiques.
=> Les écosystèmes en patissent";Oui, d'accord;pour garantir leur diversité et éviter de ne se concentrer que sur ce qui est intéressant sur le plan nutritif par exemple, il faut aussi conserver ce qui ne nous semble pas avoir d'intérêt direct pour l'Homme;33;Masculin;4;France;France;6;Master (bac+5);En activité;Ne se prononce pas;Oui, directement;Oui, mais pas entomologiste;Non;Non;
1;56;05/08/22 09:38 AM;Diminue beaucoup;Oui, tout à fait d'accord;Déclin rapide des espèces, disparition de certaines d'entre elles, modification des habitats, réchauffement climatique...;Oui, tout à fait d'accord;ils sont prépondérants sur terre et jouent un rôle important dans le cycle de la vie;39;Masculin;3;France;France;6;Master (bac+5);En activité;Plutôt de droite;Oui, indirectement;Non;Non;Non;
1;57;05/08/22 10:19 AM;Diminue un peu;Oui, d'accord;Préservation des écosystèmes (chaine alimentaire);Oui, d'accord;Ils sont les premiers de la chaine trophique;23;Féminin;1;FR;FR;4;Licence (bac+3);En activité;Ne se prononce pas;Oui, directement;Oui, mais pas entomologiste;Oui;Non;Eure et loir nature
1;58;05/08/22 11:24 AM;Diminue beaucoup;Oui, tout à fait d'accord;La biodiversité participe à l'équilibre global planétaire et assure des fonctions essentielles à la survie humaine (nourriture, stockage carbone, production oxygène, épuration de l'eau, qualité de l'air...) ;Oui, tout à fait d'accord;usage de produits phytosanitaires, urbanisation et diminution du couvert végétal, baisse voire disparition des plantes hotes;37;Féminin;1;france;france;6;Master (bac+5);En activité;Plutôt de droite;Oui, directement;Non;Oui;Non;
1;59;05/08/22 11:41 AM;Diminue un peu;Oui, tout à fait d'accord;pour pérenniser l'équilibre des biodiversités;Oui, tout à fait d'accord;ils sont indispensables pour l'équilibre de la nature dont nous dépendons;53;Masculin;4;france;france;5;;En activité;Ne se prononce pas;Non;Non;Non;Non;
1;60;05/08/22 12:01 PM;Diminue beaucoup;Oui, tout à fait d'accord;sauvegarde de l'équilibre de la biodiversité;Oui, tout à fait d'accord;indispensable pour la pollinisation et donc la production maraîchère en autre;54;Masculin;2;FRANCE;FRANCE;6;Brevet;En activité;Plutôt de gauche;Oui, indirectement;photographe;Non;Non;
1;61;05/08/22 12:12 PM;Diminue un peu;Ne sais pas;Je dirais qu'elle a besoin qu'on la laisse tranquille. ;Ne sais pas;Protégez oui et non, ils ont besoin qu'on arrête d'utiliser à tort ou à raison des insecticides en agriculture et en usage domestique. Il faut utiliser des techniques biologique qui contournent et non qui détruisent;25;Féminin;3;France;France;5;Master (bac+5);En activité;Plutôt de gauche;Oui, indirectement;Non;Oui;Non;
1;62;05/08/22 01:32 PM;Diminue beaucoup;Oui, tout à fait d'accord;Parce que notre survie en dépend et parce que les sociétés humaine sont la cause majeure de la regression de la biodiversité (de manière directe ou indirecte);Oui, tout à fait d'accord;Parce qu'ils sont à la base du fonctionnement des écosystèmes (pollinisation) et à la base de la chaine alimentaire terrestre (proie des oiseaux et des chiroptères);28;Féminin;5;France;France;4;Doctorat (bac+8);En activité;Ne se prononce pas;Oui, directement;Non;Oui;Non;
1;63;05/08/22 02:02 PM;Diminue beaucoup;Oui, tout à fait d'accord;;Oui, tout à fait d'accord;;22;Féminin;5;France;France;7;Master (bac+5);Etudiant;Complètement à gauche;Oui, directement;Ne se prononce pas;Oui;Non;
1;64;05/08/22 02:02 PM;Diminue beaucoup;Oui, tout à fait d'accord;préserver les écosystèmes est nécessaire pour se préserver ;Oui, tout à fait d'accord;Ils sont indispensables au fonctionnement des écosystèmes;26;Masculin;1;France;France;6;Master (bac+5);Etudiant;Complètement à gauche;Oui, directement;Oui, je suis même entomologiste;Oui;Oui;non
1;65;05/08/22 02:09 PM;Diminue beaucoup;Oui, tout à fait d'accord;Pour des raisons éthiques et permettre la survie de l'être humain ;Oui, tout à fait d'accord;;25;Féminin;1;France;France;6;Master (bac+5);Etudiant;Plutôt de gauche;Oui, directement;Non;;Non;
1;66;05/08/22 02:29 PM;Diminue beaucoup;Oui, tout à fait d'accord;;Oui, tout à fait d'accord;;28;Féminin;5;France;France;5;Master (bac+5);En activité;Complètement à gauche;Oui, directement;Non;Oui;Non;
1;67;05/08/22 02:42 PM;Diminue beaucoup;Oui, tout à fait d'accord;la Résilience;Oui, tout à fait d'accord;Maintien des interactions nécessaires au fonctionnement du système du vivant ;28;Masculin;4;France;France;6;Master (bac+5);En activité;Plutôt de gauche;Oui, directement;Oui, mais pas entomologiste;Oui;Non;trvx pour OFB et féderation de chasse (oui oui, certaines on des pôles biodiversité)
1;68;05/08/22 02:53 PM;Diminue un peu;Oui, tout à fait d'accord;pour la qualité de vie sur le continent;Oui, tout à fait d'accord;;30;Masculin;5;Sénégal;France;5;Master (bac+5);En activité;Ne se prononce pas;Oui, directement;Non;Oui;Ne se prononce pas;
1;69;05/08/22 03:07 PM;Diminue beaucoup;Oui, tout à fait d'accord;;Oui, tout à fait d'accord;Pour la biodiversité végétale;55;Féminin;2;France;France;5;Brevet;En activité;Ne se prononce pas;Non;Non;Non;Non;
1;70;05/08/22 03:07 PM;Diminue un peu;Oui, d'accord;Déclin des espèces;Oui, tout à fait d'accord;Ils sont essentiels au développement de la biodiversité et aux services écosystémiques;28;Masculin;4;France;Belgique;5;Master (bac+5);En activité;Complètement à droite;Oui, directement;Non;Oui;Non;
1;71;05/08/22 03:08 PM;Diminue un peu;Oui, tout à fait d'accord;En protégeant la Biodiversité, nous nous protégeons aussi car nous en faisons partie intégralement.;Oui, d'accord;Ils participent au fonctionnement de tous les écosystèmes (épuration, pollinisation, source de nourriture pour d'autres espèces).;50;Masculin;2;France;France;6;Master (bac+5);En activité;Complètement à gauche;Oui, directement;Non;Oui;Non;
1;72;05/08/22 05:34 PM;Diminue beaucoup;Oui, tout à fait d'accord;Car la Vie est (sans doute rare dans l'Univers, et que nous faisons partie intégrante de la biodiversité.;Oui, tout à fait d'accord;Ils sont à la base de la pyramide alimentaire. S'ils disparaissent, tous les animaux s'en nourrissant disparaissent, et ainsi de suite potentiellement jusqu'à l'Homme. ;32;Masculin;5;France;France;4;Master (bac+5);En activité;Complètement à gauche;Non;Non;Oui;Non;
1;73;05/08/22 05:55 PM;Diminue beaucoup;Oui, tout à fait d'accord;Valeur intrinsèque + services écosystémiques;Oui, tout à fait d'accord;Ils ont un rôle essentiel dans les écosystèmes dont il font partie : pollinisation, participation aux cycles du carbone et de l'azote, source alimentaire, régulation, ...;29;Masculin;3;France;France;6;Master (bac+5);En activité;Complètement à gauche;Non;Non;Non;Non;
1;74;05/08/22 06:00 PM;Diminue beaucoup;Oui, tout à fait d'accord;Un écosystème ne peut pas fonctionner si on impacte l’échelle trophique.;Oui, tout à fait d'accord;Ils sont indispensables aux écosystèmes.;33;Féminin;3;USA;France;6;Master (bac+5);Etudiant;Centre;Oui, directement;Oui, mais pas entomologiste;Oui;Non;LPO
1;75;05/08/22 06:37 PM;Diminue beaucoup;Oui, tout à fait d'accord;"parce que la diversité est proportionnelle à la capacité de résistance et d'adaptation de la vie sur terre. parce que l'humain est tout puissant aujourd'hui sur terre. Mais on pourrait aussi considérer qu'il faille arrêter d'impacter la biodiversité, et qu'après elle se débrouillera toute seule
";Oui, d'accord;les insectes sont un mail de la chaîne alimentaire... dans un sens, et dans l'autre;46;Féminin;5;france;france;2;Master (bac+5);En activité;Plutôt de gauche;Oui, indirectement;Non;Non;Non;
1;76;06/08/22 12:45 AM;Diminue beaucoup;Oui, d'accord;"il est nécessaire de conserver la biodiversité mais dans des conditions raisonnables ; une espèce protégée de façon générale mais qui pullule dans certains secteurs ne doit pas forcément l'être pour des raisons purement ""administratives""";Oui, d'accord;ils sont indispensables à l'équilibre global de la chaine alimentaire, à la pollinisation des fleurs, ...;49;Masculin;3;France;France;6;Master (bac+5);En activité;Plutôt de droite;Non;Non;Non;Non;
1;77;06/08/22 09:05 AM;Diminue beaucoup;Oui, tout à fait d'accord;"Pour éviter les pertes définitives d'espèces.
Tout en sachant que chaque espece à son rôle à jouer.";Oui, tout à fait d'accord;Leur role est important pour les legumes etc etc ;31;Masculin;4;France ;France ;3;Bac;En activité;Complètement à droite;Non;Non;Oui;Non;
1;78;06/08/22 09:57 AM;Diminue beaucoup;Non, pas d'accord;Je pense qu’elle nous protège aussi. L’idée que l’homme la protège me renvoie à la vision d’un homme ingénieur capable de comprendre tout le fonctionnement de la nature et de régler des paramètres. Je dirais plutôt que nous avons à nous connecter à elle pour nous y adapter, plutôt que de la « protéger ». De plus, si nous n’étions pas là, elle s’en sortirait sans doute mieux. En fait, nous nous protégeons de nous-mêmes.;Non, pas d'accrod;"Même réponse que pour la biodiversité.
Nous devons adapter nos activités, notre mode d’habiter et nos représentations.";26;Féminin;3;France;France;5;Master (bac+5);En activité;Ne se prononce pas;Oui, directement;Oui, mais pas entomologiste;Non;Non;LPO, GONm, Groupe mammalogique normand, Port Vivant
1;79;06/08/22 05:05 PM;Diminue beaucoup;Oui, d'accord;j'ai remarqué des changements dans mon environnement depuis mon enfance , notamment en ce qui concerne les insectes ;Oui, tout à fait d'accord;ils ont une forte utilité dans l'écosystème , ils font partis de la chaines alimentaires et leur rôle est primordial . imaginons un monde sans abeilles ?!  plus de miel ? non pas simplement ;61;Féminin;3;france ;france ;6;Licence (bac+3);Retraité;;Non;Non;Oui;Non;non
1;80;07/08/22 04:51 PM;Diminue beaucoup;Oui, tout à fait d'accord;Pour qu'elle puisse s'épanouir dans un milieu sans les pressions anthropiques, et qu'elle se rétablisse au mieux des effets néfastes des actions réalisées par le passé. ;Oui, tout à fait d'accord;Ils sont des animaux d'importance primordiale dans les réseaux trophiques, ils sont la source d'alimentation de beaucoup d'autres espèces existantes, et servent aussi à la pollinisation, et permettent la reproduction de certaines plantes qui en dépendent.;24;Féminin;1;France;France;7;Licence (bac+3);Etudiant;Complètement à gauche;Oui, directement;Oui, mais pas entomologiste;Oui;Oui;
1;81;08/08/22 09:19 AM;Diminue beaucoup;Oui, tout à fait d'accord;c'est la base de la vie;Oui, tout à fait d'accord;parce qu'ils participent à la vie sur terre, la pollinisation, la dégradation de matière, ...;44;Féminin;4;france;france;6;Licence (bac+3);En activité;Ne se prononce pas;Oui, directement;Non;Oui;Non;
1;82;08/08/22 09:39 AM;Diminue beaucoup;Oui, tout à fait d'accord;Survie même de l'espèce humaine à long terme ( nourriture, médicaments, cadre de vie..) et respect pour la nature dans son ensemble et le patrimoine naturel remarquable ou non que nous nous devons de transmettre aux générations futures.;Oui, tout à fait d'accord;chaine alimentaire - équilibre des écosystèmes- services écosystémiques;42;Féminin;2;France;France;6;Master (bac+5);En activité;Ne se prononce pas;Oui, directement;Non;Ne se prononce pas;Ne se prononce pas;
1;83;08/08/22 09:46 AM;Diminue beaucoup;Oui, tout à fait d'accord;"Etant fils de paysans Lotois, je m'aperçois que depuis mon enfance, la population d'insectes a drastiquement baissé (papillons, gendarmes, punaises, abeilles .
A coté de mon travail, je m'occupe de plantations d'arbres et autres travaux à la ferme et je vigile depuis de nombreux années les insectes dans le sol et dans l'air. Les travaux d'été (foins etc) permettent de visualiser cette baisse chaque année, avant un seul passage dans un champ avec un tracteur faisait envoler des milliers d'insectes, maintenant à part la poussière rien ""ne décolle"".
Il y  a juste quelque chose que je n'arrive pas à expliquer, les papillons sont beaucoup moins nombreux pourtant les chenilles du début de saison sont inversement plus nombreuses, pourquoi ?
De plus, les hivers qui sont moins froid me montrent chaque année, que cette hausse de température hivernale, empêche le décès de nombreux ravageurs (liodes, chenilles...)";Oui, tout à fait d'accord;Ils sont essentiels à la chaine alimentaire et à l'équilibre de la nature.;39;Masculin;1;France;France;6;Licence (bac+3);En activité;Ne se prononce pas;Non;Non;Non;Non;Aucune
1;84;08/08/22 09:53 AM;Augmente un peu;Oui, tout à fait d'accord;Le climat modifié d'aujourd'hui perturbe l'écosystème et les habitudes des espèces. Certaines se retrouvent en extinction, il est nécessaire de protéger certaines zones, et espèces afin qu'elle puisse se développer de nouveau. Le climat apporte aussi à certaines espèces des prédateurs qu'elles n'avaient pas auparavant. ;Oui, d'accord;ils font notre ecosystème, le climat, l'Homme aujourd'hui apporte de nouveau prédateurs. Il est nécessaire de protéger leur habitat, et leur milieu. Les insectes jouent un rôle essentiel dans notre biodiversité, ils permettent de réguler la flore. ;37;Féminin;2;France;France;5;Licence (bac+3);En activité;Ne se prononce pas;Oui, directement;Non;Oui;Non;
1;85;08/08/22 10:02 AM;Diminue beaucoup;Oui, tout à fait d'accord;il y va de notre survie également...;Oui, tout à fait d'accord;"places dans l ecosysteme. Sans abielles par ex, extinction de la vie à court terme
";55;Masculin;2;france;france;5;Licence (bac+3);En activité;Complètement à gauche;Oui, directement;Non;Non;Non;
1;86;08/08/22 11:36 AM;Diminue beaucoup;Oui, tout à fait d'accord;Pour sa beauté, pour son droit d'exister et de ne pas être détruite par une puissance qu'elle n'arrive pas à combattre (l'Homme), pour son utilité dans nos vies (santé, matériaux, loisirs,..);Oui, tout à fait d'accord;Utile à tous les éco-systèmes, beauté, le droit d'exister, utile pour l'Homme (santé, agriculture, nourriture);31;Masculin;3;France;France;7;Master (bac+5);En activité;Centre;Oui, indirectement;Oui, mais pas entomologiste;Oui;Oui;La LPO, La SEPANT, Greenpeace France
1;87;08/08/22 11:42 AM;Diminue beaucoup;Oui, tout à fait d'accord;Pour préserver les écosystèmes, la faune et la flore affiliées, qui sont liés à l'équilibre et au maintient des sociétés humaines et des êtres vivants en général. ;Oui, tout à fait d'accord;pour préserver les écosystèmes, ils ont un rôle dedans : manger les carcasses d'animaux, filtrer l'eau, être dans la chaîne alimentaire ;25;Masculin;1;France;France;5;Master (bac+5);Etudiant;Complètement à gauche;Non;Non;Oui;Non;
1;88;08/08/22 12:11 PM;Diminue beaucoup;Oui, tout à fait d'accord;;Oui, tout à fait d'accord;Rôle écosystémique majeur - Perte de population très importante;37;Féminin;3;France;France;6;Master (bac+5);En activité;Plutôt de gauche;Oui, indirectement;Non;Non;Non;
1;89;08/08/22 04:05 PM;Diminue beaucoup;Oui, tout à fait d'accord;;Oui, tout à fait d'accord;;36;Masculin;4;France;France;6;Master (bac+5);En activité;Ne se prononce pas;Oui, directement;Myrmécophile amateur;Oui;Oui;
1;90;08/08/22 04:44 PM;Diminue beaucoup;Oui, tout à fait d'accord;Afin d’endiguer sa disparition drastique suite aux activités anthropiques ;Oui, tout à fait d'accord;Essentiels à la chaîne alimentaire;25;Féminin;5;France;France;7;Master (bac+5);En activité;Complètement à gauche;Oui, directement;Oui, mais pas entomologiste;Oui;Non;LPO
1;91;08/08/22 06:10 PM;Diminue beaucoup;Oui, tout à fait d'accord;Protection de notre avenir et celui de nos enfants;Oui, d'accord;Ils participent à l'équilibre de notre écosystème (polinisateur, prédateur pour d'autres insectes pouvant nuire aux cultures,...);34;Masculin;5;France;France;4;Master (bac+5);En activité;Plutôt de gauche;Oui, indirectement;Non;Non;Non;
1;92;08/08/22 09:56 PM;Diminue beaucoup;Oui, tout à fait d'accord;Indispensable à la vie humaine + magnifique et fantastique ;Oui, tout à fait d'accord;Indispensable à la chaine alimentaire biologique et pour l'harmonie des écosystèmes ;26;Féminin;2;France;France;7;Master (bac+5);En activité;Complètement à gauche;Oui, directement;Non;Oui;Oui;
1;93;09/08/22 11:16 AM;Diminue beaucoup;Oui, tout à fait d'accord;;Oui, tout à fait d'accord;Pollinisation, aide à la décomposition des végétaux, nettoyage des sols, nourriture pour d'autres animaux (oiseaux surtout...) ;53;Masculin;3;France;France;7;Bac;En activité;Centre;Non;Oui, mais pas entomologiste;Oui;Oui;
1;94;09/08/22 03:23 PM;Diminue beaucoup;Oui, tout à fait d'accord;L'impact de l'activité humaine est de plus en plus néfaste pour les espèces;Oui, tout à fait d'accord;"Les insectes sont la base de toute chaîne alimentaire. Sans eux beaucoup d'espèces animales vont disparaître,
Pollinisateurs pour fruits, légumes, ...
Nettoyeurs de la nature";53;Féminin;4;France;France;7;Bac;En activité;Ne se prononce pas;Non;Non;Oui;Oui;
1;95;09/08/22 03:28 PM;Diminue beaucoup;Oui, tout à fait d'accord;Pour la survie de l'humanité et du règne animal dans son ensemble.;Oui, tout à fait d'accord;Elles sont indispensables à l'équilibre des écosystèmes;33;Masculin;4;France;31;6;Master (bac+5);Sans emploi;Complètement à gauche;Oui, directement;Non;Oui;Oui;
1;96;09/08/22 05:10 PM;Diminue beaucoup;Oui, tout à fait d'accord;Elle est clairement en danger, il y a moins d'espèce faune et flore confondues;Oui, d'accord;Au même titre que toutes les espèces animales et florales, il faut les protéger car elles font partie de l'écosystème où chacun à un rôle;45;Masculin;3;France;France;5;Master (bac+5);En activité;Ne se prononce pas;Non;Non;Non;Non;
1;97;10/08/22 08:54 AM;Diminue un peu;Oui, tout à fait d'accord;DANS LE BUT DE GARDER UN NIVEAU DE VIE ACCEPTABLE SUR TERRE;Oui, tout à fait d'accord;Pour les apports écosystémiques induits;46;Masculin;1;France;France;6;Bac;En activité;Plutôt de droite;Non;Non;Oui;Non;
1;98;10/08/22 08:55 AM;Diminue beaucoup;Oui, tout à fait d'accord;C'est le coeur de la vie sur terre (pas de pollinisation= pas de fruits/légumes par exemple);Oui, tout à fait d'accord;Même réponse qu'à la premiére question : ils sont les maillons de la vie/alimentation sur terre;37;Féminin;3;France ;FRANCE ;7;Master (bac+5);En activité;Plutôt de gauche;Oui, directement;Non;Non;Non;LPO, WWF, 
1;99;10/08/22 11:26 AM;Diminue beaucoup;Oui, tout à fait d'accord;;Oui, tout à fait d'accord;;32;Masculin;5;France;France;4;Master (bac+5);En activité;Complètement à gauche;Oui, indirectement;Non;Oui;Non;
1;100;10/08/22 04:52 PM;Diminue un peu;Oui, tout à fait d'accord;La protection de la biodiversité est censée tendre vers le retour à un équilibre au sein des chaînes trophiques ;Oui, tout à fait d'accord;services écosystémiques;24;Féminin;3;France;france;7;Master (bac+5);Etudiant;Plutôt de gauche;Oui, directement;Oui, mais pas entomologiste;Non;Non;
1;101;12/08/22 02:28 PM;Diminue beaucoup;Oui, tout à fait d'accord;parce qu'elle est essentielle à notre survie et que de par sa simple existence elle est par nature importante;Oui, tout à fait d'accord;parce qu'ils sont essentielles à l'aération des sols, et sont à la base de la chaine alimentaire de beaucoup d'autres animaux, si la base tombe l'ensemble tombe de plus il participe au façonnage des paysages (abeilles par la pollinisation, fourmis et l'effeuillage des arbres, les termitières, etc.);26;Féminin;5;france;france;5;Master (bac+5);En activité;Complètement à gauche;Oui, directement;Non;Non;Non;
1;102;12/08/22 03:08 PM;Diminue un peu;Oui, tout à fait d'accord;Les activités humaines ne sont pas pensées pour être intégrées aux écosystèmes, et donc  prendre en compte le Vivant (faune et flore) et les grands cycles : eau, minéral...;Oui, tout à fait d'accord;Ils font partie des briques élémentaires de la chaîne alimentaire & sont indispensables au processus de constitution des sols.;40;Féminin;4;France;France;4;Master (bac+5);En activité;Ne se prononce pas;Oui, indirectement;Non;Oui;Non;
1;103;12/08/22 05:16 PM;Diminue beaucoup;Oui, tout à fait d'accord;Pour un meilleur équilibre de la vie, pour permettre une meilleure résilience des territoires et même limiter les phénomènes naturels extrêmes (inondations, sècheresse, incendies etc.);Oui, tout à fait d'accord;car ils font partie de la chaine alimentaire et permettent à d'autres animaux de se nourrir, pour certains pollinisent les fleurs. Ils font partie de l'équilibre naturel. ;39;Masculin;4;FRance;FRance;5;Master (bac+5);En activité;Plutôt de gauche;Oui, indirectement;Non;Oui;Non;
1;104;8/16/2022 10:26:05;Diminue beaucoup;Oui, tout à fait d'accord;La diversité est source d'inspiration et de potentielle résilience, ;Oui, tout à fait d'accord;Participation à la chaîne alimentaire, à la pollinisation (pour certains), à la décomposition de la matière organique pour d'autres, ... ;48;Masculin;5;France;France;7;Master (bac+5);En activité;Complètement à gauche;Oui, directement;Ma passion : la photo d'odonate, d'orthoptères, de diptères, araignées .... si inspirants !!;Non;Non;
1;105;8/16/2022 11:24:57;Diminue beaucoup;Oui, tout à fait d'accord;sans contraintes et obligation les velléités économiques sont sans limites ;Oui, tout à fait d'accord;parce qu'ils contribuent à la chaîne alimentaire ;57;Féminin;5;FRANCE;FRANCE;5;Brevet;En activité;Complètement à gauche;Non;Non;Non;Non;
1;106;8/16/2022 11:37:25;Diminue beaucoup;Oui, d'accord;plus que des quantités d'espèces ou d'espaces naturels, ce sont les équilibres et les relations qui doivent être protégés ainsi que la diversité des formes et organisations du vivant ;Oui, tout à fait d'accord;ils sont essentiels au bon fonctionnement des écosystèmes ;41;Masculin;4;France;France;4;Master (bac+5);En activité;Plutôt de gauche;Oui, indirectement;Non;Oui;Non;
1;107;8/16/2022 12:43:24;Diminue beaucoup;Oui, tout à fait d'accord;l'équilibre de la planète;Oui, tout à fait d'accord;;35;Féminin;3;France;France;5;Master (bac+5);En activité;Plutôt de gauche;Oui, directement;Non;Oui;Non;Greenpeace
1;108;8/16/2022 13:27:19;Diminue beaucoup;Oui, tout à fait d'accord;Les espèces n'ont pas mis plusieurs milliards d'années pour apparaitre, évoluer, s'adapter... pour disparaitre en quelques dizaines d'années.  A cause d'une seule espèce, soit disant la plus intelligente. C'est triste de penser qu'on cause plus de dégâts qu'une météorite. L'espèce humaine est menacée sur le long terme, car elle fait partie de la biodiversité, elle en a besoin. A plus court terme, on perd la beauté et le mystère de notre monde. Et à titre personnel, je m'inquiète pour mes enfants.;Oui, tout à fait d'accord;"Les insectes font partie du monde vivant au même titre que les autres animaux. Mis à part quelques insectes aimés comme les papillons, les coccinelles, les abeilles, ils souffrent d'une image de bestiole dégoutante alors qu'ils sont fascinants et très utiles. Même les parasites ont leur utilité (je les préfère néanmoins loin des cheveux de mes enfants ;-) )";45;Féminin;5;FRANCE;FRANCE;5;Master (bac+5);En activité;Complètement à gauche;Oui, indirectement;j'ai besoin de me retrouver dans la nature régulièrement. j'aime observer les animaux, notamment les oiseaux. de formation Géologue, je suis à l'affut des belles pierres, minéraux et fossiles.;Non;Non;
1;109;8/16/2022 13:46:32;Diminue un peu;Oui, tout à fait d'accord;;Oui, tout à fait d'accord;pour préserver les éco-systèmes;24;Féminin;1;france;france;6;Master (bac+5);En activité;Complètement à gauche;Oui, indirectement;Non;Oui;Non;
1;110;8/16/2022 14:58:27;Diminue beaucoup;Oui, tout à fait d'accord;;Oui, tout à fait d'accord;;30;Féminin;3;Chine;France;6;Master (bac+5);En activité;Plutôt de gauche;Oui, directement;Non;Oui;Non;
1;111;8/16/2022 15:22:43;Diminue beaucoup;Oui, tout à fait d'accord;C'est une question d'équilibre donc de survie;Oui, tout à fait d'accord;Equilibre ;57;Masculin;3;France;France;5;Licence (bac+3);En activité;Complètement à gauche;Non;Non;Non;Non;
1;112;8/16/2022 15:33:56;Diminue beaucoup;Oui, tout à fait d'accord;L'impact des activités humaines semblent jouer un rôle important dans la diminution de la biodiversité car elles impacts différents écosystème. Il ne s'agit d'une part de sanctuariser certains espaces naturels et d'autre part réduire l'impact du développement humain sur la biodiversité. ;Oui, tout à fait d'accord;Ils jouent un rôle indispensable dans les écosystèmes : polinisateurs, oxygénation du sol, transformation de la matière. Attention aux espèces invasives cependant.;49;Féminin;5;France;France;6;Master (bac+5);En activité;Ne se prononce pas;Oui, indirectement;Non;Oui;Non;
1;113;8/16/2022 15:52:11;Diminue beaucoup;Oui, tout à fait d'accord;Pour préserver la richesse de la vie sur terre;Oui, d'accord;Car ils sont un maillon essentie de la chaîne de la vie sur terre;38;Masculin;3;France;France;5;Master (bac+5);En activité;Ne se prononce pas;Oui, directement;Non;Non;Non;
1;114;8/16/2022 16:05:49;Diminue beaucoup;Oui, tout à fait d'accord;Sinon il n'y aura bientot plus de diversité;Oui, tout à fait d'accord;il s'agit d'une base importante des milieux, donc de ressources alimentaires (directs et indirects), de services éco-systémiques, etc... et d'émerveillement;41;Masculin;2;France;France;6;Master (bac+5);En activité;Plutôt de gauche;Oui, directement;Oui, mais pas entomologiste;Oui;Non;CEN Occitanie
1;115;8/16/2022 16:46:29;Diminue un peu;Oui, tout à fait d'accord;La chute de la biodiversité est un catastrophe majeure. Je pense que la biodiversité doit être protégée et restaurée. ;Oui, tout à fait d'accord;Les insectes font partie des animaux qui ont le plus diminués ces dernières années. De plus, les instects ont un rôle primordial dans les écosystèmes ;28;Masculin;4;Belgique ;Sénégal ;6;Master (bac+5);En activité;Plutôt de gauche;Oui, indirectement;Non;Oui;Non;
1;116;8/16/2022 17:24:46;Diminue beaucoup;Oui, tout à fait d'accord;Sans biodiversité, pas de vie. Notre corps même a sa propre biodiversité ;Oui, tout à fait d'accord;C’est la base (animal) du règne alimentaire. Ils vivent partout où nous détruisons la vie et en sont probablement les premiers impactés. Leurs rôles sont essentiels. Et tout simplement: pas besoin de justification pour protéger la Vie en elle-même, quelque soit sa forme ;29;Masculin;4;France;France;6;Master (bac+5);En activité;Plutôt de droite;Oui, directement;Non;Oui;Oui;
1;117;8/16/2022 17:26:35;Diminue beaucoup;Oui, tout à fait d'accord;car la biodiversité est essentielle pour le maintient de la vie sur terre via le bon fonctionnement des écosystèmes;Oui, tout à fait d'accord;parce qu'ils jouent des rôles multiples et cruciaux pour le bon fonctionnement des écosystèmes: pollinisation, dégradation/recyclage de la matière organique, élément clé de la chaîne alimentaire... mais aussi juste parce qu'ils sont là, et qu'ils sont beaux ! ;44;Féminin;1;ISRAEL;FRANCE;6;Doctorat (bac+8);En activité;Complètement à gauche;Oui, directement;"je me passionne pour les plantes sauvages qui poussent en milieu urbain, dans des endroits inattendus. Je les prends en photos (mais sans connaitre leurs noms ou caractéristiques, juste pour leur ""attitude"" et faculté de résistance) ";Oui;Non;LPO, Sea sheperd
1;118;8/16/2022 17:32:20;Diminue beaucoup;Oui, tout à fait d'accord;c'est la vie et notre avenir ;Oui, tout à fait d'accord;participent activement au cycle de vie ;63;Féminin;3;France ;France ;7;Bac;Retraité;Ne se prononce pas;Non;Non;Oui;Oui;
1;119;8/16/2022 17:35:49;Diminue beaucoup;Oui, tout à fait d'accord;;Oui, tout à fait d'accord;;27;Masculin;4;france;france;6;Master (bac+5);En activité;Plutôt de gauche;Oui, directement;Non;Non;Non;non
1;120;8/16/2022 18:26:11;Diminue un peu;Oui, d'accord;"Préserver nos écosystèmes et leurs futurs ""après nous""";Oui, d'accord;diversité, impact global chaine alimentaire et flore;50;Masculin;2;France;France;5;Master (bac+5);En activité;Plutôt de gauche;Oui, indirectement;Non;Oui;Non;
1;121;8/16/2022 19:26:56;Diminue beaucoup;Oui, tout à fait d'accord;Les impacts du réchauffement climatique sont à ce jour clairement visible sur la santé humaine et sur notre quotidien, ce qui pousse les populations même moins sensibilisées à agir de plus en plus pour limiter le phénomène. A l'inverse, les impacts du déclin de la biodiversité n'a pas réellement d'impact visible sur le quotidien des hommes, qui commencent tout juste à apprendre l'existence des services ecosystemiques qui y sont liés. Il est donc nécessaire d'imposer la protection de la biodiversité pour faire prendre conscience aux non sachants de son importance. Nous ne pouvons pas attendre que la population (habitants, entreprises..) prenne l'initiative d'elle même de protéger la biodiversité car cela prendra malheureusement (tout comme pour la prise de conscience du réchauffement climatique) trop de temps. A l'heure de la 6e extinction de masse, nous n'avons plus de temps. ;Oui, tout à fait d'accord;Ils sont un maillon de la chaîne alimentaire indispensable. Leur suppression entraînerait le déclin de nombreuses autres espèces. ;24;Féminin;5;France ;France ;5;Master (bac+5);En activité;Plutôt de droite;Oui, directement;Ecologue ;Oui;Oui;
1;122;8/16/2022 21:52:53;Diminue beaucoup;Oui, tout à fait d'accord;Car toutes les espèces sont reliées, plusieurs d'entre elles sont dites espèces clés.;Oui, tout à fait d'accord;Car elles ont toutes un rôles à jouer, par exemple dans la pollinisation ;27;Féminin;1;France;France ;6;Master (bac+5);En activité;Ne se prononce pas;Oui, directement;Oui, mais pas entomologiste;Oui;Oui;
1;123;8/17/2022 1:23:03;Diminue beaucoup;Oui, tout à fait d'accord;Les activités anthropiques dégradent la biodiversité (agriculture, urbanisation, extraction de ressources, pollution…);Oui, tout à fait d'accord;Ils jouent un rôle fondamental dans la chaîne alimentaires, dans la pollinisation mais aussi certains régulent d’autres nuisibles ;23;Féminin;1;France ;France ;7;Bac;Etudiant;Plutôt de gauche;Oui, directement;Oui, mais pas entomologiste;Oui;Oui;
1;124;8/17/2022 5:52:36;Diminue beaucoup;Oui, tout à fait d'accord;;Oui, tout à fait d'accord;;28;Masculin;4;France;France;6;Doctorat (bac+8);En activité;Plutôt de gauche;Oui, directement;Oui, mais pas entomologiste;Oui;Oui;Sea Sheperd France, LPO, SFE², SEFA
1;125;8/17/2022 7:59:47;Diminue beaucoup;Oui, tout à fait d'accord;;Oui, d'accord;Les insectes ont déjà des statuts de protection. Cf les études faune flore pour les projets soumis à évaluation environnementale;47;Féminin;5;France;France;6;Master (bac+5);En activité;Plutôt de gauche;Oui, indirectement;Oui, mais pas entomologiste;Oui;Oui;
1;126;8/17/2022 9:46:38;Diminue beaucoup;Oui, tout à fait d'accord;essentielle pour la prospérité de l'humanité;Oui, tout à fait d'accord;ils sont essentiels au fonctionnement des écosystèmes;32;Masculin;2;France;France;5;Doctorat (bac+8);En activité;Plutôt de gauche;Oui, directement;Non;Oui;Non;
1;127;8/17/2022 10:21:11;Diminue beaucoup;Oui, d'accord;"Certaines espèces, qui jouent un rôle essentiel pour l'être humain (de manière plus ou moins directe : alimentation, dépollution, production de dioxygène, éco-tourisme...), mériteraient d'être protégés.
Les autres, si elles ne sont pas importantes pour le maintien des premières, ne devraient être protégées que de manière secondaire, voire pas du tout.";Non, pas d'accrod;Certains insectes ont effectivement besoin d'être protégés (comme les abeilles) parce qu'ils sont nécessaires pour le maintien de la société humaine. Mais d'autres sont plus une nuisance qu'autre chose (comme les moustiques. Leur disparition finira par être compensée par une autre espèce qui jouera très probablement le même rôle ecologique (comme les mouches par exemple)).;28;Masculin;3;France;France;3;Master (bac+5);En activité;Plutôt de gauche;Non;Non;Non;Non;
1;128;8/17/2022 11:45:55;Diminue beaucoup;Oui, tout à fait d'accord;Patrimoine, stabilité des habitats, qualité de vie;Oui, tout à fait d'accord;Ce sont des éléments essentiels du fonctionnement des écosystèmes. Sans insectes le sol serait par exemple couvert de monceaux de déchets organiques. Certaines espèces font office d'espèces parapluie lorsque protégées comme le pique-prune;25;Masculin;1;France;France;6;Master (bac+5);En activité;Complètement à gauche;Oui, directement;Plutôt botaniste mais avec des affinités entomologistes;Oui;Oui;Employé du CEN
1;129;8/17/2022 13:57:53;Diminue beaucoup;Oui, d'accord;risque de déséquilibre dans les écosystèmes qui crée des problèmes ( pas assez de de prédateurs donc trop de rongeurs, donc plus de dégâts sur les les récoltes céréalières etc) ;Oui, d'accord;ils font partis des écosystemes;26;Masculin;1;france;france;5;Licence (bac+3);En activité;Complètement à droite;Oui, indirectement;Oui, mais pas entomologiste;Non;Non;
1;130;8/17/2022 15:28:21;Diminue beaucoup;Oui, d'accord;Parce que la vie est belel sous toutes ses formes et elle nous est nécessaire, je pense en particulier aux abeilles;Oui, tout à fait d'accord;Ils sont nécessaire à l'équilibre, à la pollinisation ...;37;Masculin;2;France;France;4;Licence (bac+3);En activité;Plutôt de droite;Non;Non;Non;Non;
1;131;8/18/2022 8:28:39;Diminue beaucoup;Oui, tout à fait d'accord;Parce qu'elle est essentielle à nos vies;Oui, d'accord;Parce qu'ils font partie intégrante du cycle biologique de nombreuses espèces;51;Féminin;2;France;France;6;Master (bac+5);En activité;Complètement à droite;Oui, directement;Botaniste;Oui;Oui;
1;132;8/19/2022 10:35:40;Diminue un peu;Oui, tout à fait d'accord;"La biodiversité est essentielle au bon fonctionnement de la Terre comme nous la connaissons aujourd'hui. Elle participe à contrer le réchauffement climatique que nous subissons
Nous sommes responsables de la 6ème extinction de masse, c'est à nous d'agir en conséquence";Oui, tout à fait d'accord;ils sont à la base de la chaîne alimentaire et permettent la pollinisation ;24;Féminin;3;France;France;6;Master (bac+5);Etudiant;Plutôt de gauche;Oui, directement;Oui, mais pas entomologiste;Oui;Non;WWF
1;133;8/19/2022 11:49:59;Diminue beaucoup;Oui, tout à fait d'accord;Préservation du patrimoine naturel et des fonctions écologiques;Oui, d'accord;Ils sont à la base des chaînes trophiques et assurent des fonctions écologiques indispensables (pollinisation par exemple);26;Féminin;2;France;France;5;Master (bac+5);En activité;Complètement à gauche;Oui, directement;Oui, mais pas entomologiste;Oui;Non;Bretagne Vivante, AGir pour l'environnement
1;134;8/19/2022 13:41:43;Diminue beaucoup;Oui, tout à fait d'accord;Socle de vie sur terre;Oui, tout à fait d'accord;Ils font partis des écosystèmes au même titre que les grands mammifères ou les humains. Ils font partie du cycle de la vie : ils se font manger par d’autres ect..;23;Féminin;5;France ;France;4;Master (bac+5);En apprentissage ;Plutôt de gauche;Oui, directement;Oui, mais pas entomologiste;Oui;Non;
1;135;8/19/2022 16:42:29;Diminue beaucoup;Oui, tout à fait d'accord;;Oui, tout à fait d'accord;Occupent de nombreuses places dans les chaines trophiques qui s'effondreraient alors;28;Féminin;2;France;France;5;Master (bac+5);En activité;Plutôt de gauche;Oui, directement;Oui, mais pas entomologiste;Oui;Oui;Nature en Occitanie
1;136;8/20/2022 10:29:17;Diminue beaucoup;Oui, tout à fait d'accord;Préservation du vivant, interdépendance des êtres vivants entre eux, perte de connaissances pour le futur (on est loin de tout savoir du vivant);Oui, tout à fait d'accord;Sont indispensables aux écosystèmes ;41;Féminin;3;France;France;7;Master (bac+5);En activité;Ne se prononce pas;Non;Non;Non;Non;
1;137;8/20/2022 10:30:51;Diminue beaucoup;Oui, tout à fait d'accord;Nous faisons partie de cette biodiversité, de ses écosystèmes. Donc a minima, pour ceux qui n'ont pas d'empathie pour le reste du vivant, la protection de cette biodiversité relevé de notre propre protection (survie).;Oui, tout à fait d'accord;Ils sont souvent situés à la base des chaînes trophiques, et constituent des espèces clés de voûte pour de nombreux écosystèmes ;28;Masculin;1;France;Yvelines et eure et Loire ;6;Master (bac+5);En activité;Complètement à gauche;Oui, directement;Oui, mais pas entomologiste;Oui;Non;LPO et bientôt ASPAS
1;138;8/20/2022 17:41:01;Diminue beaucoup;Oui, tout à fait d'accord;Il en va de notre survie ;Oui, d'accord;;52;Féminin;3;France ;France ;6;Master (bac+5);En activité;Centre;Non;Non;Oui;Non;
1;139;8/20/2022 18:02:13;Diminue beaucoup;Oui, tout à fait d'accord;nécessaire protection du vivant pour réparer les méfaits des Hommes;Ne sais pas;Aucune idée ;46;Féminin;3;France;France;3;Master (bac+5);En activité;Plutôt de gauche;Non;Non;Non;Non;
1;140;8/22/2022 3:33:33;Diminue beaucoup;Oui, tout à fait d'accord;;Oui, tout à fait d'accord;;21;Masculin;4;France ;France ;5;Licence (bac+3);Etudiant;Complètement à gauche;Oui, directement;Non;Oui;Ne se prononce pas;
1;141;8/22/2022 10:46:50;Diminue beaucoup;Oui, tout à fait d'accord;"l'extinction de certaines espèce. 
beaucoup d'espèces menacées. ";Oui, d'accord;ils ont une réelle utilités dans la nature ;23;Masculin;4;France;France;4;Licence (bac+3);Etudiant;Plutôt de droite;Oui, indirectement;Non;Oui;Non;
1;142;8/22/2022 11:24:15;Diminue beaucoup;Oui, tout à fait d'accord;les activités humaines ont un impact sur la biodiversité. Il faut essayer de  minimiser ces impacts et donc protéger la biodiversité;Oui, tout à fait d'accord;les insectes pollinisateurs sont indispensables au cycle de reproduction des plantes qui nous nourrissent, d'autres interviennent dans la formation de l'humus etc ...;51;Féminin;5;France;France;5;Master (bac+5);En activité;Complètement à gauche;Oui, indirectement;Non;Oui;Non;
1;143;8/22/2022 11:46:43;Diminue beaucoup;Oui, d'accord;Les modifications (changement climatique, disparition des espèces) sont accrues par l'action de l'humain, qui doit donc gérer sa part de responsabilité dans ces processus.;Oui, tout à fait d'accord;Rôle clef dans la chaine alimentaire (comme consommateur/dégradeur et proie) et fonctionnement des écosystèmes (pollinisation, cycle du carbone, etc.) ;29;Féminin;2;France;France;5;Master (bac+5);En activité;Complètement à gauche;Oui, directement;Oui, je suis même entomologiste;Oui;Oui;
1;144;8/22/2022 16:23:54;Diminue beaucoup;Oui, tout à fait d'accord;En raison des nombreux cris d'alerte des scientifiques sur le sujet qui mettent en cause notre impact sur la biodiversité;Oui, tout à fait d'accord;Ils jouent un rôle important dans la bonne santé des sols et sont un maillon indispensable des écosystèmes;32;Féminin;1;France;France;4;Master (bac+5);En activité;Ne se prononce pas;Oui, indirectement;Non;Oui;Non;
1;145;8/22/2022 16:24:46;Diminue beaucoup;Oui, tout à fait d'accord;Espèce dominante, et intelligente (?) l'être humain a le devoir de protéger la planète, sa faune, sa flore, plutôt que de continuer à la détruire.  ;Oui, tout à fait d'accord;"Même si ils sont parfois pénibles (cf. moustiques), ils servent de nourriture à énormément d'animaux, nettoient (cadavres, déchets, ...), permettent la pollinisation des plantes, ... Souvent ils sont beaux. Et le chat kiffe bien de jouer avec, des fois ;-)";53;Masculin;5;France;France;4;Licence (bac+3);En activité;Complètement à gauche;Non;J'aime identifier des espèces de plantes ou d'insectes (avec des applis... shame on me).;Non;Non;
1;146;8/22/2022 22:47:58;Diminue beaucoup;Oui, tout à fait d'accord;A l'inverse, permet de lutter contre la banalisation des paysages, l'appauvrissement des milieux, des paysages, de l'imaginaire, et la vulnérabilité de milieux appauvris face par ex. aux maladies cryptogamiques, autres (ex. d'un alignement de platanes atteint d'une même maladie se propageant très vite sans cette biodiversité);Oui, tout à fait d'accord;"Ils participent à la chaine alimentaire dont profitent d'autres espèces; la survie de tous dépend de la survie de chacun. Ils permettent de décomposer des milieux, enrichir les sols et surement plein d'autres actions bénéfiques pour les cycles de la vie.";51;Féminin;3;France;France;6;Master (bac+5);En activité;Complètement à gauche;Oui, indirectement;Vais à qqs sorties de la LPO;Non;Non;
1;147;8/23/2022 10:44:43;Diminue beaucoup;Oui, tout à fait d'accord;C'est important de préserver la biodiversité et les différentes espéces;Oui, tout à fait d'accord;Début de la chaine alimentaire;45;Masculin;4;FRANCE;FRANCE;6;Licence (bac+3);En activité;Centre;Non;Non;Non;Non;
1;148;8/23/2022 10:47:57;Reste stable;Oui, tout à fait d'accord;;Oui, tout à fait d'accord;Services écosystèmiques de production;31;Féminin;5;France;France;3;Master (bac+5);En activité;Plutôt de gauche;Oui, directement;Non;Oui;Non;AFAF (Agroforesterie)
1;149;8/23/2022 11:19:36;Diminue beaucoup;Oui, tout à fait d'accord;;Oui, tout à fait d'accord;;24;Féminin;1;France;France;5;Licence (bac+3);Etudiant;Plutôt de gauche;Oui, indirectement;Non;Oui;Non;
1;150;8/23/2022 11:39:54;Diminue beaucoup;Oui, tout à fait d'accord;Pour la préservation de nos écosystèmes.;Oui, tout à fait d'accord;Pour la pollinisation.;29;Masculin;2;France ;France ;5;Licence (bac+3);En activité;Ne se prononce pas;Non;Non;Non;Non;
1;151;8/23/2022 13:15:55;Diminue beaucoup;Oui, tout à fait d'accord;"La vie disparait sur Terre, du fait des activités humaines inconsidérées.
Et la vitesse de disparition est aujourd'hui terrifiante. Au-delà des espèces ou des espaces, ce sont les fonctionnalités écologiques, les services écosystémiques qu'il faut protéger.
En somme, défendre le bien commun pour l'humanité et le reste du vivant.";Oui, tout à fait d'accord;"Les insectes comme le reste du vivant doivent être protégés.
Tout d'abord par respect pour la vie (la diversité). Mais aussi pour notre planète, au regard de nos responsabilités (l'Humain est la plus grande force tellurique actuelle).

Par ailleurs, d'un point de vue plus pragmatique, les insectes assurent des fonctions écologiques capitales pour le reste de la biosphère, comme pour notre bien-être et notre agriculture (les services écosystémiques) : pollinisation, recyclage de la matière organique, protection des cultures,...
Les insectes sont aussi les proies de nombreux prédateurs (insectes, arachnides, vertébrés) et jouent donc un rôle capital dans les chaines alimentaires.

Enfin, ce monde fonctionne parce qu'il est complexe et on cherche en permanence à le simplifier pour espérer pouvoir le gérer, c'est là que tout s'effondre.
En comprenant ces innombrables interdépendances, il devient facile de comprendre et d'accepter de protéger toutes les formes de vie, même celles qu'on ""n'aime pas"".
";48;Masculin;2;France;France;6;Bac;En activité;Complètement à gauche;Oui, directement;Oui, je suis même entomologiste;Oui;Oui;ARTHROPOLOGIA notamment
1;152;8/23/2022 13:45:28;Diminue beaucoup;Oui, tout à fait d'accord;Elle est indispensable à la vie et au maintien des écosystèmes ;Oui, tout à fait d'accord;Certains insectes jouent le rôle de pollinisateur, aèrent le sol ou sont à la base de la chaine alimentaire. Tous les insectes contribuent au maintient d'un écosystème viable;24;Féminin;1;France;France;6;Licence (bac+3);Etudiant;Plutôt de gauche;Oui, directement;Oui, mais pas entomologiste;Oui;Non;
1;153;8/23/2022 13:51:37;Diminue beaucoup;Oui, tout à fait d'accord;C'est ce qu'il y a de plus précieux.;Oui, tout à fait d'accord;Ils font partie du vivant.;28;Masculin;3;France;France;6;Master (bac+5);En activité;Plutôt de gauche;Oui, directement;Oui, mais pas entomologiste;Oui;Non;Société Botanique d'Occitanie
1;154;8/23/2022 14:29:09;Diminue beaucoup;Oui, tout à fait d'accord;Parce que toutes les espèces ont le droit de vivre sur cette planète, et que toutes les espèces vivantes sont interdépendances les unes des autres ;Oui, tout à fait d'accord;Car ils sont en grave declin;23;Masculin;5;France;France;5;Master (bac+5);En activité;Complètement à gauche;Oui, directement;Non;Oui;Non;Salarié de la Federation des CEN
1;155;8/23/2022 17:42:05;Diminue beaucoup;Oui, tout à fait d'accord;L'homme fait partie de la biodiversité et à ce titre, les sociétés humaines s'appuient sur elle;Oui, tout à fait d'accord;Il font partie de la biodiversité / Cf. première réponse;23;Féminin;2;France;France;6;Master (bac+5);En activité;Complètement à gauche;Oui, directement;Oui, mais pas entomologiste;Oui;Oui;
1;156;8/23/2022 18:53:41;Diminue beaucoup;Oui, tout à fait d'accord;La diminution par rapport aux lectures que je fais & les changements de climat, de paysages… qui détruisent et perturbent les espaces de vie, comportements des etres vivants… Besoin d’être protégée car je pense, peut-être naïvement, que la nature a son sens, qu’il y a un ordre des choses, et qu’il y a une raison pour ceci et cela. Je pense effectivement que l’Homme est perturbateur puisque seul peu de personnes connaissent & comprennent le fonctionnement de cette nature, les interdépendances et consequences.;Oui, tout à fait d'accord;Parce qu’ils ont bien une raison d’être! ;27;Féminin;3;Allemagne;France;6;Master (bac+5);En activité;Centre;Non;Non;Oui;Non;
1;157;8/23/2022 21:18:50;Diminue beaucoup;Oui, tout à fait d'accord;Parce que certaines ont déjà disparu et d autres sont en voie de disparition ;Oui, tout à fait d'accord;Nécessaire à l équilibre ;57;Féminin;3;France;France;4;Licence (bac+3);En activité;Ne se prononce pas;Oui, indirectement;Non;Non;Non;
1;158;8/23/2022 21:38:31;Diminue beaucoup;Oui, tout à fait d'accord;;Oui, tout à fait d'accord;;25;Féminin;2;;;3;Master (bac+5);En activité;Complètement à droite;Oui, directement;Non;Oui;Non;
1;159;8/24/2022 9:09:24;Diminue beaucoup;Oui, tout à fait d'accord;"C’est une question d’équilibre global nécessaire aussi à l’homme ; un monde sans biodiversité serait sinistre";Oui, tout à fait d'accord;Ils constituent l’alimentation de beaucoup d’animaux, et sont aussi utiles en bout de chaîne alimentaire, certains pollinisent les plantes;45;Féminin;1;France;France;4;Master (bac+5);En activité;Centre;Non;Non;Oui;Non;
1;160;8/24/2022 15:03:53;Diminue beaucoup;Oui, tout à fait d'accord;Pour les générations futures ;Oui, tout à fait d'accord;Car ils occupent une place prépondérante dans la vie terrestre ;43;Masculin;3;Côte d'Ivoire ;Côte d'Ivoire ;6;Doctorat (bac+8);En activité;Ne se prononce pas;Oui, directement;Oui, mais pas entomologiste;Oui;Non;
1;161;8/24/2022 15:13:40;Diminue beaucoup;Oui, tout à fait d'accord;;Oui, tout à fait d'accord;;38;Masculin;5;;;5;Master (bac+5);En activité;;Oui, directement;Non;;;
1;162;8/25/2022 9:45:53;Diminue beaucoup;Oui, tout à fait d'accord;Sans une biodiversité riche, l'espèce humaine est en danger (par exemple: les risques de la monoculture sur la sécurité alimentaire);Oui, tout à fait d'accord;Pour la santé des sols et donc de l'environnement;21;Féminin;2;France;France;5;Licence (bac+3);Etudiant;Plutôt de gauche;Non;Non;Oui;Oui;
1;163;8/25/2022 11:08:36;Diminue beaucoup;Oui, tout à fait d'accord;"La biosphère est notre support de vie, ce qui affecte le tissu vivant de la planète nous affecte aussi. De plus, en tant qu'espèce ""ingénieure"", nous avons une responsabilité éthique supplémentaire vis-à-vis du reste du vivant.";Oui, tout à fait d'accord;Ils joue un rôle clé dans l'ensemble des écosystèmes terrestres, que ce soit en termes de cycle de la matière, de pollinisation et bien entendu de nourriture pour d'autres groupes.;53;Masculin;3;France;France;7;Master (bac+5);En activité;Plutôt de gauche;Oui, directement;Oui, je suis même entomologiste;Oui;Oui;Office pour les Insectes et leur Environnement, LPO, Gard Nature, Humanité & Biodiversité
1;164;8/25/2022 11:28:45;Diminue beaucoup;Oui, tout à fait d'accord;rôle des espèces, chaine alimentaire;Oui, tout à fait d'accord;interdépendance des espèces;40;Masculin;2;france;france;5;Bac;En activité;Centre;Non;Non;Non;Non;wwf
1;165;8/26/2022 11:22:07;Diminue beaucoup;Oui, tout à fait d'accord;Survie des êtres vivants dont l'espèce humaine. C'est la base.;Oui, tout à fait d'accord;Participe à la biodiversité au cycle de la vie ;39;Féminin;5;France ;France ;6;Master (bac+5);En activité;Ne se prononce pas;Oui, directement;Oui, mais pas entomologiste;Oui;Non;Bretagne vivznte
1;166;8/26/2022 11:40:48;Diminue beaucoup;Oui, tout à fait d'accord;Nous sommes la biodiversite, si la chaîne se fragilise nous aussi ;Oui, d'accord;Ils maintiennent un équilibre,  des sols, de la nourriture d'autres espèces,.. ;27;Féminin;4;France ;France ;5;Master (bac+5);En activité;Plutôt de gauche;Oui, directement;Non;Oui;Non;
1;167;8/26/2022 15:30:34;Diminue beaucoup;Oui, tout à fait d'accord;En raison de son extinction qui avance;Oui, d'accord;Pour maintenir des équilibres d'écosystèmes ;44;Féminin;5;France;France;5;Master (bac+5);En activité;Plutôt de gauche;Non;Non;Non;Non;
1;168;8/27/2022 15:27:28;Diminue beaucoup;Oui, tout à fait d'accord;Nous en faisons partie, sans elle, nous ne sommes pas.;Oui, tout à fait d'accord;Base de la pyramide alimentaire des vertébrés, équilibre de la majeure partie des écosystèmes ;62;Masculin;2;France ;France ;7;Licence (bac+3);Sans emploi;Centre;Non;Oui, je suis même entomologiste;Oui;Oui;Biodiversio 
1;169;8/27/2022 16:21:01;Diminue beaucoup;Oui, tout à fait d'accord;Garantie d’un équilibre du vivant ;Oui, tout à fait d'accord;Intègré dans les chaînes alimentaires ;58;Masculin;1;France;France;7;Master (bac+5);En activité;Plutôt de gauche;Oui, directement;Oui, mais pas entomologiste;Oui;Non;
1;170;8/27/2022 16:30:30;Diminue beaucoup;Oui, tout à fait d'accord;Elle est importante pour l équilibre de la planète, pour la survie de l homme. ;Oui, tout à fait d'accord;Pour les insectivores,  pour la pollinisation ;64;Féminin;2;France;France;7;Bac;Retraité;Complètement à gauche;Non;Oui, mais pas entomologiste;Oui;Oui;
1;171;8/27/2022 16:40:25;Diminue beaucoup;Oui, tout à fait d'accord;La biodiversité est non seulement indispensable à l'équilibre de la planète, mais sans elle, l'humanité ne peut survivre;Oui, tout à fait d'accord;Les insectes sont indispensables dans la chaine alimentaire, certains sont pollinisateurs de nos ressources alimentaires.;61;Masculin;1;France;France;7;Licence (bac+3);En activité;Complètement à gauche;Oui, directement;Oui, mais pas entomologiste;Oui;Oui;Biodiversio
1;172;8/29/2022 15:23:17;Diminue beaucoup;Oui, tout à fait d'accord;Au delà d'un droit d'exister sur Terre au même titre que l'humain qui en fait partie intégrante, la biodiversité délivre un nombre de services sans lesquels l'homme ne peut vivre. Nous devons en prendre soin  si nous voulons un monde viable et vivable.;Oui, tout à fait d'accord;Ils sont les auxiliaires précieux pour le sol, la nature en général, sont sources de nourriture pour de nombreux autres animaux, d'une résilience extraordinaire (on les retrouve dans tous les milieux y compris les plus extrêmes!), sources d'inspiration pour l'Homme (bio-inspiration)...je les trouve passionnant.;46;Féminin;5;France ;France ;7;Bac;En activité;Complètement à gauche;Oui, indirectement;Je suis en pret de compétences ppur un an au sein de l'association Biodiversio afin, entre autre, de creer une antenne locale pour la région Nouvelle Aquitaine ;Oui;Oui;Biodiversio
1;173;8/29/2022 17:21:03;Diminue beaucoup;Oui, tout à fait d'accord;;Oui, d'accord;rôle de pollinisateur + base de la chaîne alimentaire + rôle dans le fonctionnement de plantes et de la faune;43;Féminin;5;France;France;5;Master (bac+5);En activité;Ne se prononce pas;Oui, directement;Non;Oui;Ne se prononce pas;
1;174;8/29/2022 22:06:32;Diminue beaucoup;Oui, tout à fait d'accord;nous en faisons partie ! ;Oui, tout à fait d'accord;"si la base s'effondre, tout s'écroule
";52;Masculin;2;F;F;5;Master (bac+5);En activité;Complètement à gauche;Oui, directement;Oui, je suis même entomologiste;Non;Non;
1;175;8/29/2022 22:41:55;Diminue un peu;Oui, tout à fait d'accord;;Oui, tout à fait d'accord;;45;Féminin;5;France;France;4;Master (bac+5);En activité;Ne se prononce pas;Non;Non;Oui;Non;
1;176;8/30/2022 8:49:59;Diminue beaucoup;Oui, tout à fait d'accord;La sauvegarde de notre patrimoine et de l'équilibre des espèces.;Oui, tout à fait d'accord;Leur utilité pour l'équilibre des écosystèmes est indispensable;56;Masculin;2;France;France;6;Master (bac+5);En activité;Ne se prononce pas;Oui, indirectement;Non;Non;Non;
1;177;8/30/2022 9:08:38;Diminue beaucoup;Oui, tout à fait d'accord;La biodiversité permet l'équilibre des milieux et des espèces. Perdre en biodiversité, c'est s'exposer à une modification tragique de notre environnement. ;Oui, tout à fait d'accord;Pollinisation, dégradation/recyclage de la matière organique, symbiose avec d'autres animaux ou végétaux, aération/fertilisation des sols;42;Masculin;3;France;France;6;Doctorat (bac+8);En activité;Ne se prononce pas;Oui, indirectement;Non;Non;Non;
1;178;8/30/2022 10:40:48;Diminue beaucoup;Oui, tout à fait d'accord;Parce que sinon c'est tout un écosystème qui s'effondre;Oui, tout à fait d'accord;ils sont un maillon de la chaîne animale permettant à tout un écosystème de survivre;35;Féminin;5;France;France;6;Master (bac+5);En activité;Ne se prononce pas;Oui, indirectement;Non;Oui;Non;
1;179;8/30/2022 10:43:08;Diminue un peu;Oui, tout à fait d'accord;;Oui, d'accord;Chaque espèces à son niveau est importante pour la biodiversité. De la plus petite et moins visible à la plus imposante;32;Masculin;2;France;France;5;Licence (bac+3);En activité;Centre;Non;Non;Non;Non;
1;180;8/30/2022 11:10:45;Diminue beaucoup;Oui, tout à fait d'accord;chaque espèce a une valeur, connue ou pas encore connue, car elle participe à l'équilibre du monde, en voir une disparaître c'est déstabiliser un peu plus l'équilibre qui a mis est millénaires à se construire.;Oui, tout à fait d'accord;pour les services rendus aux écosystèmes (pollinisation, dégradation de matière) , les molécules et produits qu'ils synthétisent et apportent aux hommes, et leur rôle dans la chaîne alimentaire.;43;Féminin;4;france;france;4;Master (bac+5);En activité;Centre;Oui, directement;Non;Non;Non;
1;181;8/30/2022 12:01:06;Diminue beaucoup;Oui, tout à fait d'accord;Parce que la diversité maintient l'équilibre de la planète et de ses habitants humains ou non et permet la vie ;Oui, tout à fait d'accord;la meme que précédemment, l'équilibre. ils constituent les sols, pollinisent, servent à la chaine alimentaire des autres espèces... mais les moustiques sont pénibles (MDR);53;Féminin;3;France;France;6;Master (bac+5);En activité;Centre;Non;Non;Non;Non;
1;182;8/30/2022 12:07:49;Diminue beaucoup;Oui, tout à fait d'accord;la vie est un équilibre - chaque maillon de la biodiversité est essentielle pour que la vie dans sa globalité se poursuive;Oui, tout à fait d'accord;ils participent à la pollinisation et sont des maillons dans la chaine alimentaire d'autres animaux;42;Masculin;3;france;france;7;Licence (bac+3);En activité;Complètement à gauche;Oui, directement;Oui, mais pas entomologiste;Oui;Non;lpo, amis de la nature
1;183;8/30/2022 12:42:44;Diminue beaucoup;Oui, tout à fait d'accord;de mon point de vue, du fait de la pollution généralisée des sols, du réchauffement climatique et des incendies généralisés au niveau mondial. ;Oui, tout à fait d'accord;ils jouent un rôle important avec l'apport de matière organique à la terre;50;Masculin;2;en Belgique;en France;5;;En activité;Plutôt de droite;Oui, indirectement;Non;Non;Non;
1;184;8/30/2022 15:25:30;Diminue beaucoup;Oui, tout à fait d'accord;"Comme le disait Robert Hainard, citation que l'on peut étendre à l'ensemble de la biodiversité : ""Il faut sauver les espèces animales en danger non pas parce que nous en avons besoin, mais parce que nous avons besoin de développer les qualités humaines nécessaires pour les sauver, et ce seront celles-là dont nous aurons besoin pour nous sauver nous-mêmes.""";Oui, tout à fait d'accord;Ils sont à la base de nombreuses chaines alimentaires, sont des indicateurs de la santé des écosystèmes, utilisés en médecine, contribuent à la pollinisation ...;35;Masculin;2;France;France;7;Master (bac+5);En activité;Centre;Non;Oui, mais pas entomologiste;Oui;Oui;GOPA, OCL, SAIAK, FNE, Ferus, Pays de l'ours-ADET, FIEP
1;185;8/30/2022 17:06:21;Diminue beaucoup;Oui, d'accord;"Sans cela c'est l'écosystème ""qui peut être"" (voir ""qui est"")  en danger ";Oui, d'accord;Chaque insectes est certainement bénéfique à un écosystème.  ;31;Masculin;2;France;France;5;Bac;En activité;;Non;;Non;Non;
1;186;8/31/2022 11:24:09;Diminue beaucoup;Oui, tout à fait d'accord;Des connaissances auxquelles j'ai pu avoir accès, il parait normal que des espèces apparaissent et disparaissent au fil des millénaires. Cependant, la diminution de la biodiversité sur les deux derniers siècles est alarmante et semble être causée en (grande) partie par les activités humaines, directement comme indirectement.;Oui, tout à fait d'accord;Ils sont à la base de nombreuses chaines alimentaires, ils permettent également de polliniser, de décomposer et transformer les matières, ...;28;Féminin;1;France;France;7;Licence (bac+3);En activité;Plutôt de gauche;Non;Non;Non;Non;L214 (protection des animaux mais plutôt sur leur place dans l'industrie agroalimentaire)
1;187;8/31/2022 11:43:04;Diminue beaucoup;Oui, tout à fait d'accord;Pour ne pas couper les chaines alimentaires entre autres;Oui, tout à fait d'accord;Continuité de la chaine alimentaire;49;Féminin;2;France;;5;Master (bac+5);En activité;;Non;Non;Non;Non;
1;188;8/31/2022 13:08:15;Diminue beaucoup;Oui, tout à fait d'accord;la nature est un tout , un équilibre fragile et c'est la biodiversité qui permet le développement de tout ;Oui, tout à fait d'accord;ils sont utiles à tout points de vue , chaîne alimentaires etcetc;43;Masculin;2;France;France;7;Licence (bac+3);En activité;Centre;Oui, indirectement;Non;Non;Non;
1;189;8/31/2022 15:21:39;Diminue un peu;Oui, tout à fait d'accord;;Oui, tout à fait d'accord;;38;Féminin;1;Roumanie ;France ;7;Master (bac+5);En activité;Centre;Non;Non;Non;Non;
1;190;07/09/22 01:34 PM;Diminue beaucoup;Oui, tout à fait d'accord;La préservation d'un maximum de diversité animale;Oui, tout à fait d'accord;Ils participent au fonctionnement de la planète, à sa régénération (aération des sols) et à l'élimination de certaines substances nocives ;51;Masculin;3;France;France;5;Bac;En activité;Plutôt de gauche;Oui, directement;Non;Non;Non;
1;191;10/19/2022 12:53:45;Diminue beaucoup;Oui, tout à fait d'accord;Si les habitats naturels sont détruits alors les espèces qui vivent, se nourrissent et se reproduisent dans ces espaces seront impactés très négativement. ;Oui, tout à fait d'accord;Parce que ce sont des espèces peu connus, donc plus fragile car on n'y fait moins attention. On ne les connait pas toutes encore.. et puis parce qu'elles rendent également de nombreux services écosystémiques. ;29;Féminin;3;France;France;6;Master (bac+5);En activité;Ne se prononce pas;Oui, directement;Oui, mais pas entomologiste;Oui;Non;
1;192;05/11/22 04:08 PM;Diminue beaucoup;Oui, d'accord;Incapacité visible à respecter le vivant ;Oui, d'accord;Idem qu’avant ;30;Masculin;3;France ;France ;5;Doctorat (bac+8);En activité;Complètement à droite;Oui, directement;Oui, mais pas entomologiste;Oui;Non;
